customerid,Churn
4376-KFVRS,0.0584772767037411
2754-SDJRD,0.7595827644069063
9917-KWRBE,0.10946522034688094
0365-GXEZS,0.3587659139402001
9385-NXKDA,0.03580445011017094
4686-UXDML,0.7735604824375386
2227-JRSJX,0.6403539871992026
4830-FAXFM,0.15821309921013973
1830-IPXVJ,0.01220690950705109
4690-LLKUA,0.5726158763604265
5804-HYIEZ,0.46624855256220576
2388-LAESQ,0.04637514424200416
5533-RJFTJ,0.27663577318935667
4706-AXVKM,0.7682557017951611
0997-YTLNY,0.18300789350731417
7971-HLVXI,0.0596355501371359
7337-CINUD,0.034823469559031775
1379-FRVEB,0.7494341808907474
4753-PADAS,0.36661133777439303
5701-GUXDC,0.07893666301743024
7235-NXZCP,0.8590050645867637
0668-OGMHD,0.406696394085677
2812-REYAT,0.06706111221080474
8779-YIQQA,0.05405032146707326
9701-CDXHR,0.22959060846998441
7130-CTCUS,0.2794188753152229
1894-IGFSG,0.5195026811736069
0871-URUWO,0.7927902124381921
0057-QBUQH,0.024443393185737888
9611-CTWIH,0.8764914443095548
8058-DMYRU,0.48983500778475875
5351-QESIO,0.6324064541905875
4302-ZYFEL,0.03403950827151142
6134-KWTBV,0.014630870039810413
2034-GDRCN,0.8949149327321815
9544-PYPSJ,0.33406510259206124
4208-UFFGW,0.6670649112496448
9537-JALFH,0.01175454282888353
4415-IJZTP,0.9213773355518977
4701-MLJPN,0.20772980996732984
7515-LODFU,0.013333904476005012
4927-WWOOZ,0.9232889795736381
4067-HLYQI,0.40064736679797175
6184-DYUOB,0.3589293672549885
9209-NWPGU,0.08580562266586753
9851-KIELU,0.5841837408831351
3199-XGZCY,0.7942708922524387
4226-KKDON,0.4176248624393646
1085-LDWAM,0.03721965034645397
6825-UYPFK,0.3940508794595316
1767-CJKBA,0.013203872701847296
7181-BQYBV,0.8627071216579462
0178-CIIKR,0.3020989366591804
4256-ZWTZI,0.42467336113867016
9537-VHDTA,0.5429533259023328
2754-XBHTB,0.6901884273289052
5975-BAICR,0.08013682313194634
3301-VKTGC,0.11116184186820627
2877-VDUER,0.09566066533600313
7717-BICXI,0.01000128592312302
0562-FGDCR,0.013241460677075604
3705-PSNGL,0.054464971863879566
0048-LUMLS,0.16687582184332017
6497-TILVL,0.2351929812895495
2108-YKQTY,0.4760547509914159
3658-KIBGF,0.6385164878114574
5482-NUPNA,0.29472023272359743
7410-KTVFV,0.36689333537658625
9033-EOXWV,0.20734835992968434
8821-XNHVZ,0.8643180742302196
8224-KDLKN,0.009399894154890167
4825-FUREZ,0.017823854758118395
7534-BFESC,0.7766874372649448
9138-EFSMO,0.13263080680981398
4227-OJHAL,0.0828789098874325
7279-NMVJC,0.09839061654132926
8591-TKMZH,0.1588805239136016
9283-LZQOH,0.6003949544087652
3594-IVHJZ,0.3069059981269126
1945-XISKS,0.01595189949593294
4359-INNWN,0.06097278295174008
7649-SIJJF,0.02668847926216174
9254-RBFON,0.28473142639158183
0970-ETWGE,0.9239950815605873
7762-ONLJY,0.06434415854799704
6710-HSJRD,0.49802573241063947
8873-GLDMH,0.7873417866405766
9907-SWKKF,0.7686646842862059
4658-HCOHW,0.6142089116947735
9330-VOFSZ,0.24480640888573324
2860-RANUS,0.706411643223207
6234-PFPXL,0.36752522581228614
7205-BAIAD,0.01820718883354546
3858-VOBET,0.7935814457888145
5103-MHMHY,0.6825242421572033
6119-SPUDB,0.02218382556203588
9389-ACWBI,0.6006067186889934
3454-JFUBC,0.017041307506617462
1768-ZAIFU,0.8479698547473951
7017-VFULY,0.266816492364866
9221-OTIVJ,0.8408702820192918
2482-CZGBB,0.6713623415963064
7018-WBJNK,0.528776801509776
3331-HQDTW,0.5680405666059881
4695-VADHF,0.41413603860947457
4086-WITJG,0.012807206632831804
6297-NOOPG,0.24239163204737035
8777-PVYGU,0.06437297625196553
4378-MYPGO,0.15470926783784167
9313-CDOGY,0.10158030889253597
4121-AGSIN,0.04021549220290751
0432-CAJZV,0.7742249368365324
9097-ZUBYC,0.2637451222944346
9638-JIQYA,0.6583748845695205
1024-GUALD,0.7643387796205634
8024-XNAFQ,0.04406611398695647
7587-RZNME,0.7000102174687982
1346-UFHAX,0.5357473812153356
6374-NTQLP,0.05981964235979319
6625-FLENO,0.013561738363462864
7375-WMVMT,0.0559509405421405
6910-HADCM,0.8867040083170489
7401-JIXNM,0.01663527382968353
7338-ERIVA,0.053721879126439886
5376-DEQCP,0.9020276528035447
0909-SELIE,0.03446717413448199
5419-KLXBN,0.4138862961768902
0365-TRTPY,0.2469845961495727
6712-OAWRH,0.6219089682368257
2428-ZMCTB,0.12261673994048404
1963-VAUKV,0.5143912658330914
9381-NDKME,0.5380983750878873
3729-OWRVL,0.2955632447720061
0895-LMRSF,0.2691352419961495
2676-SSLTO,0.06237945668065234
8495-PRWFH,0.36815067916141736
9030-QGZNL,0.02753900628495597
9972-NKTFD,0.13632867155318795
7998-WNZEM,0.018828099085817583
0979-PHULV,0.5922616424310092
6445-TNRXS,0.12810105055920645
9586-JGQKH,0.18899952108562698
3966-HRMZA,0.6888389854928598
5498-IBWPI,0.06924664786976417
6823-SIDFQ,0.029371750355427936
2323-ARSVR,0.2605661821536586
5468-BPMMO,0.12400915608080361
0486-HECZI,0.45756431437059086
2178-PMGCJ,0.5201876817962393
4660-IRIBM,0.47923394094604294
9674-EHPPG,0.023062469864269672
5606-AMZBO,0.5898003663048657
0665-XHDJU,0.14991916105075204
5402-HTOTQ,0.4517115352114475
8258-GSTJK,0.9022213650649238
3787-TRIAL,0.6002245291205943
6175-IRFIT,0.5753924325881719
6317-YPKDH,0.5283080444610397
5692-FPTAH,0.7333651715661127
5373-SFODM,0.560796930461688
0868-VJRDR,0.20451312307427325
4079-VTGLK,0.135219622102997
1166-PQLGG,0.0111987462449584
5296-BFCYD,0.015693867127550637
6568-POCUI,0.15964403084380613
2839-RFSQE,0.26165975438569294
2188-SXWVT,0.05257197334055158
8849-GYOKR,0.2435843623774585
3623-FQBOX,0.13548270326067433
2649-HWLYB,0.03452185617851779
0599-XNYDO,0.5061643491471455
2514-GINMM,0.9295790532175644
8401-EMUWF,0.20414619884145765
5766-ZJYBB,0.3478919336009264
2604-IJPDU,0.6159405445968391
2501-XWWTZ,0.47266401772883304
6370-ZVHDV,0.014466420343854442
3027-YNWZU,0.013190322101120392
4526-ZJJTM,0.3072590509604468
0440-QEXBZ,0.2733715418202182
0330-IVZHA,0.6680214292350233
9758-MFWGD,0.10426049382305139
4229-CZMLL,0.8441386762142937
0742-MOABM,0.43327425750892756
4277-BWBML,0.01420110535369365
5136-GFPMB,0.24580803563796122
7520-HQWJU,0.12106100589376485
6304-IJFSQ,0.6499550523247054
0297-RBCSG,0.18612610940562224
6013-BHCAW,0.0629478015583792
4402-FTBXC,0.19495510963295162
1471-GIQKQ,0.5732054438179663
4283-FUTGF,0.8335185215765731
9548-LERKT,0.01856607129387583
8059-UDZFY,0.5986968055583594
0410-IPFTY,0.4242042966641892
2478-EEWWM,0.5709690772959692
4619-EVPHY,0.34766562676702284
2277-DJJDL,0.5389312810385674
2911-WDXMV,0.5906156001149586
3639-XJHKQ,0.263716353824384
8173-RXAYP,0.023360147318118023
4537-CIBHB,0.05861791735233377
5442-BXVND,0.11006875791069118
2308-STERM,0.22455476039833702
7159-NOKYQ,0.14260224998918344
6075-QMNRR,0.15568357223685095
3694-GLTJM,0.3028008174150372
9629-NHXFW,0.40306200401459824
7167-PCEYD,0.016092455801768414
2748-MYRVK,0.1964244184382274
4223-WOZCM,0.6595385049221861
6946-LMSQS,0.2979094503252765
5469-NUJUR,0.02610109017693612
6388-TABGU,0.03759172990428563
1261-FWTTE,0.5760408598577658
8590-YFFQO,0.019646341490095028
0082-OQIQY,0.4972076400821915
9465-RWMXL,0.7171453501994257
2930-UOTMB,0.12955058400230385
9128-CPXKI,0.14836652763974933
0484-FFVBJ,0.20743120270408122
1100-DDVRV,0.5350476979388662
9313-QOLTZ,0.0801214355191367
3338-CVVEH,0.747233571150346
1131-SUEKT,0.21639106764981245
7602-DBTOU,0.013062004447858077
1385-TQOZW,0.21629957975705644
6892-XPFPU,0.8576006918423913
4115-NZRKS,0.8516587765860938
5514-YQENT,0.1350357030526974
6319-IEJWJ,0.723127828043535
8849-AYPTR,0.43000337613325035
5893-PYOLZ,0.05053260557953511
7180-PISOG,0.9048768517669149
8443-ZRDBZ,0.8358891587149645
9079-YEXQJ,0.34500351175646593
3780-YVMFA,0.5095383437847625
6968-MHOMU,0.2197822341405981
0899-LIIBW,0.5913594233822059
3677-IYRBF,0.8212935309023259
8393-DLHGA,0.48151226940431036
7691-XVTZH,0.11321164480059509
5360-LJCNJ,0.10741041210511601
3891-PUQOD,0.779689908794006
0952-KMEEH,0.6381146184160467
4919-IKATY,0.7644125218112537
9746-UGFAC,0.06397394606941614
9108-EQPNQ,0.02264897590343503
0531-ZZJWQ,0.4861295209841666
8763-KIAFH,0.05087137827809544
5863-OOKCL,0.1763762177010547
2958-NHPPS,0.14131576646727223
9530-GRMJG,0.07113409302615509
1809-DMJHQ,0.4301806747397689
0164-XAIRP,0.02905120591755766
2926-JEJJC,0.11003738980055885
1169-WCVAK,0.36846558421609976
1217-VASWC,0.37845430237045286
2452-KDRRH,0.6189189342820991
6402-EJMWF,0.5085058651456548
7663-CUXZB,0.20859335229319415
4312-KFRXN,0.017955141153993773
3011-WQKSZ,0.17358980567553128
9747-DDZOS,0.7810297755751285
2091-MJTFX,0.17425363696722806
0388-EOPEX,0.6946846636334099
3161-ONRWK,0.0460705748870697
2587-EKXTS,0.5917694993633944
9752-ZNQUT,0.733276056739739
9572-WUKSB,0.6795975941627401
3836-FZSDJ,0.017448406953672092
8805-JNRAZ,0.5167413887553047
3069-SSVSN,0.2858405405124633
8015-IHCGW,0.047367350544884945
8132-YPVBX,0.7298937624023736
0235-KGSLC,0.8565144579572896
1302-UHBDD,0.6183784121904978
3722-WPXTK,0.9205490699078613
7531-GQHME,0.11919261874798988
1335-NTIUC,0.7016304738188541
9367-TCUYN,0.19543610832561878
1536-HBSWP,0.6013517585262194
8573-JGCZW,0.07126215131210292
2694-CIUMO,0.597278296617861
2027-FECZV,0.8411024585843195
9103-TCIHJ,0.2669738595260885
1545-JFUML,0.10581635257995993
0524-IAVZO,0.698122546808644
5519-TEEUH,0.03616269567226082
6654-QGBZZ,0.618625298216208
2294-DMMUS,0.2552931466962439
0017-IUDMW,0.03281728489253605
5018-LXQQG,0.12567703555818188
5808-TOTXO,0.07817706879546579
1174-FGIFN,0.2816726346974423
0730-KOAVE,0.3701292451020528
1218-VKFPE,0.12371721755705288
5313-FPXWG,0.056465393263767434
2834-JKOOW,0.0935030872662557
9430-NKQLY,0.00981072030670287
0363-QJVFX,0.4683503400353268
1658-TJVOA,0.6596427398046855
6685-GBWJZ,0.055347738121292366
6328-ZPBGN,0.8363179581972202
4003-FUSHP,0.2900475824530673
7690-KPNCU,0.0918050346044508
2969-WGHQO,0.10118338687662536
1855-CFULU,0.28108936968354303
9788-YTFGE,0.1842353120416836
8266-VBFQL,0.6951338882789024
2325-NBPZG,0.6556316686965205
9906-NHHVC,0.07823425990513488
2541-YGPKE,0.049357007793111314
5049-MUBWG,0.1006728926385536
2332-TODQS,0.043211769230484365
4419-UJMUS,0.22396249423292827
2233-TXSIU,0.09658490113547177
6770-XUAGN,0.4558177324883578
2919-HBCJO,0.7512236848933516
9508-ILZDG,0.6212564018584855
5442-BHQNG,0.7281078413939944
7250-EQKIY,0.6734954097003908
6838-HVLXG,0.15006979470070092
9767-FFLEM,0.31196573081769835
2245-ADZFJ,0.054922732440961144
1150-WFARN,0.1642707673235678
9054-FOWNV,0.8173932894371029
7997-EASSD,0.12178966159992158
7560-QJAVJ,0.027514006265148584
2668-TZSPS,0.523915908512804
9139-WQQDY,0.1698391140115879
6726-NNFWD,0.03979834121801207
9330-DHBFL,0.07966157678235791
5727-MYATE,0.020229848458834694
2824-DXNKN,0.03234888441564389
6166-ILMNY,0.6812332046877503
5236-XMZJY,0.12259957225991805
1709-EJDOX,0.014203445612456823
4962-CHQPW,0.038560946498679353
0301-FIDRB,0.017789431974050904
1820-TQVEV,0.9239373105944122
9115-YQHGA,0.21185922978692368
1541-ETJZO,0.5908556057254167
6230-BSUXY,0.9284399194305292
6797-LNAQX,0.10105957132886184
9588-YRFHY,0.016368065268462156
1092-GANHU,0.6994976151770732
5951-AOFIH,0.201871182032761
7029-RPUAV,0.7995889177343468
4700-UBQMV,0.17029694945465707
3594-UVONA,0.12770732750430652
7750-EYXWZ,0.2516465068715749
7054-ENNGU,0.26356042137325164
0402-OAMEN,0.009296545396387208
2195-VVRJF,0.3065843575753195
8819-ZBYNA,0.2661744580060764
7748-UMTRK,0.6050270225108281
1741-WTPON,0.11572471822473099
7209-JCUDS,0.7327972588385454
2485-ITVKB,0.8109035554093853
9648-BCHKM,0.024198450754716848
0743-HRVFF,0.1736266468416329
2522-AHJXR,0.3771389195867225
9143-CANJF,0.27064096656863035
1444-VVSGW,0.30446926388744117
6898-MDLZW,0.3102940262879255
0074-HDKDG,0.07072383661870392
3982-JGSFD,0.04913758823227191
7928-VJYAB,0.5799052810274651
1522-VVDMG,0.6614413969754546
2665-NPTGL,0.7047404876811422
8728-SKJLR,0.378535942082591
7733-UDMTP,0.491687649307818
0431-APWVY,0.2743656956965822
5081-NWSUP,0.12358360134730564
2746-DIJLO,0.13665929120568346
7277-OZCGZ,0.5295802643408948
5236-PERKL,0.24308177530536948
2788-CJQAQ,0.045271149859633514
3096-WPXBT,0.14620644489700504
9962-BFPDU,0.5866584927603794
2892-GESUL,0.029547621260290487
9741-YLNTD,0.7101769198188344
1205-WNWPJ,0.41183156695677414
3173-NVMPX,0.3865803476223262
9661-MHUMO,0.5435271359988596
6000-APYLU,0.7444559961556434
0048-PIHNL,0.05745156402646817
9420-LOJKX,0.6909987368621476
7061-OVMIM,0.055247377599839755
5671-RQRLP,0.07135367158320749
5129-JLPIS,0.46019571764700373
5170-PTRKA,0.04601410533650514
4819-HJPIW,0.27341320181286416
8780-RSYYU,0.11042201744219543
2335-GSODA,0.03030383252114238
5696-CEIQJ,0.09408816080677512
6169-PPETC,0.014145691423758027
4237-RLAQD,0.7581629330300061
7359-WWYJV,0.04611641951970067
8620-RJPZN,0.4777033923594253
7426-WEIJX,0.291192153010025
7629-WIXZF,0.17951147529907516
2616-FLVQC,0.01336431545212637
9163-GHAYE,0.33856203571193255
4464-JCOLN,0.06372524205828536
2971-SGAFL,0.6115326994874698
4735-ASGMA,0.7761277915513777
5245-VDBUR,0.06690143446799346
1493-AMTIE,0.3936888565692367
1112-CUNAO,0.5581116403411461
7571-YXDAD,0.7282360704873179
8714-EUHJO,0.579733658711187
9040-KZVWO,0.10010970762605817
6713-OKOMC,0.28481184216721583
8749-CLJXC,0.6193530278645386
4713-LZDRV,0.8400322875532341
6598-RFFVI,0.06797937009152172
7470-MCQTK,0.5822262818971825
5524-KHNJP,0.09494493327430353
1707-HABPF,0.19900046325095375
4581-LNWUM,0.5966021159282706
9710-ZUSHQ,0.5154944655708578
1697-LYYYX,0.02895016820257544
4013-GUXND,0.48949791426593875
5022-JNQEQ,0.6504976125317543
4983-CCWMC,0.748418648194085
6345-FZOQH,0.013849180800545799
0962-CQPWQ,0.01239144856365229
5495-GPSRW,0.022413800544053564
2252-JHJGE,0.32545812583962347
7356-AYNJP,0.09677828656732387
2019-HDCZY,0.19690050263362627
8582-KRHPJ,0.1699577988801048
2867-UIMSS,0.8762809828806228
3487-EARAT,0.06115186232077315
9926-PJHDQ,0.0741304903623729
0289-IVARM,0.17709755999039298
4672-FOTSD,0.3608130416932876
6198-PNNSZ,0.2764669576670616
7603-USHJS,0.6151221971073556
6784-XYJAE,0.12069382191198898
3858-XHYJO,0.2735411883378295
1087-UDSIH,0.36404435308437716
7251-LJBQN,0.40028476418148334
3200-MNQTF,0.02672306052986542
9359-UGBTK,0.07014921058468697
8160-HOWOX,0.6262390953003882
0258-NOKBL,0.5990766902715792
2800-QQUSO,0.6711338133290184
2129-ALKBS,0.14041447246403566
9972-VAFJJ,0.244450905515929
4693-VWVBO,0.34450855790147644
6969-MVBAI,0.8842991372592748
4821-WQOYN,0.020065005874265632
6769-DYBQN,0.2792490930111181
4018-PPNDW,0.014866291832300281
6288-CHQJB,0.015526334142641339
4905-JEFDW,0.39742805352298893
0559-CKHUS,0.03289652990670134
2659-VXMWZ,0.3018308451217524
6559-RAKOZ,0.34548491587454583
8809-XKHMD,0.04204359416465955
6365-HITVU,0.011969988197979363
0134-XWXCE,0.14635368044097025
9720-JJJOR,0.06762725035242753
2782-LFZVW,0.48367290941861574
6112-KTHFQ,0.14871666769085495
9220-ZNKJI,0.057303836188447387
9820-RMCQV,0.2556192740067078
9013-AQORL,0.24071465694272184
2040-OBMLJ,0.12811611649873178
5574-NXZIU,0.208144956428044
5446-DKWYW,0.16099582220745595
0480-KYJVA,0.008060587817285282
1074-AMIOH,0.265341211120724
0015-UOCOJ,0.5361392129639548
0256-LTHVJ,0.5389804962666954
4547-LYTDD,0.54422212751775
1077-HUUJM,0.7353679769321093
2041-JIJCI,0.6126103416077014
1555-HAPSU,0.008455559353385175
4323-SADQS,0.3851980032544201
3292-PBZEJ,0.7714364968564474
6203-HBZPA,0.02537662775338865
9755-JHNMN,0.018043814053961153
7369-TRPFD,0.049788333094552564
9878-TNQGW,0.813232335997715
2279-AXJJK,0.26019398083393974
5016-IBERQ,0.56309661051626
1016-DJTSV,0.7105919415363162
8433-WPJTV,0.221406061445088
8903-XEBGX,0.7260820624280591
2632-TACXW,0.016892122990842785
7952-OBOYL,0.7319828882100451
1470-PSXNM,0.27310304655333
6227-HWPWX,0.30957284776010335
5924-SNGKP,0.04139569594495744
8818-DOPVL,0.7264412359507282
4521-WFJAI,0.02078461193035991
4724-WXVWF,0.43939335036588356
3717-OEAUQ,0.7104598476116637
8165-ZJRNM,0.00855170586095278
7838-LAZFO,0.10410650476291805
0513-RBGPE,0.027384447354555357
7251-XFOIL,0.22979723235866867
2525-GVKQU,0.031965455841175806
7579-OOPEC,0.5351430211648464
3795-GWTRD,0.018592306892328752
4750-ZRXIU,0.9011759748959205
5445-PZWGX,0.15249493027723193
0516-UXRMT,0.17361183643179226
0727-BNRLG,0.14140354220188422
3932-CMDTD,0.5198140208205757
1264-FUHCX,0.15797735815071282
6194-HBGQN,0.09915989364904657
4524-QCSSM,0.2767372486053602
4570-QHXHL,0.5682758402090231
2972-YDYUW,0.14760219937483596
2061-VVFST,0.16690745000960458
6874-SGLHU,0.3559689675995733
9844-FELAJ,0.24228366781577587
1902-XBTFB,0.6282338299746217
9039-RBEEE,0.20364576215954752
9369-XFEHK,0.5533234402235563
3680-CTHUH,0.34695636341537156
3679-XASPY,0.4774201482868693
9089-UOWJG,0.33305935469468095
1574-DYCWE,0.012496924172183696
9779-DPNEJ,0.6818932455859169
2967-MXRAV,0.08585841544110576
0327-WFZSY,0.3084230630824091
1731-TVIUK,0.7967029360763845
7666-WKRON,0.11266149428824067
3865-ZYKAD,0.30020213675996715
1465-LNTLJ,0.2691516097781787
2696-RZVZW,0.01605050264370109
0685-MLYYM,0.7331781366314432
2778-OCLGR,0.3476854837599376
3982-XWFZQ,0.446036273553187
4759-PXTAN,0.20332397085876214
1448-PWKYE,0.8563525630782749
8741-LQOBK,0.18211733372531091
8650-RHRKE,0.7782806331937411
7266-GSSJX,0.17318714211565778
1265-HVPZB,0.0581037956499735
9640-ZSLDC,0.06034359472209282
0988-JRWWP,0.7765090107465337
1926-QUZNN,0.013229687617939441
9025-ZRPVR,0.13171581058233667
6527-PZFPV,0.0559016554611423
7460-ITWWP,0.5443771824832829
1530-ZTDOZ,0.16661605850523917
4785-FCIFB,0.017654970356025007
9717-QEBGU,0.8092377454301743
0876-WDUUZ,0.6869921083888147
7881-EVUAD,0.6516140228419857
4002-BQWPQ,0.16435911355204919
6377-WHAOX,0.6384440834115959
5027-YOCXN,0.19216524456631984
8450-JOVAH,0.4164931389776525
6646-QVXLR,0.5157030682409028
0254-KCJGT,0.0846986260925131
3442-ZHHCC,0.11497220183377393
9167-APMXZ,0.7082774324056786
0616-ATFGB,0.8348618668160593
7273-TEFQD,0.8357959603978136
8245-UMPYT,0.860014886174365
6022-UGGSO,0.5117393232456593
6292-TOSSS,0.020813672767267612
5207-PLSTK,0.6413275303341839
3908-BLSYF,0.6746491479892159
4317-VTEOA,0.7354469670957177
0625-AFOHS,0.016969871490149502
4667-OHGKG,0.3411054297334538
2386-OWURY,0.32172118147823664
3780-DDGSE,0.2350546529735557
1047-RNXZV,0.015292449341227336
3926-YZVVX,0.07760291769194586
4742-TXUEX,0.014331302356204044
8709-KRDVL,0.7384200719392562
0397-ZXWQF,0.01304992152995977
3910-MRQOY,0.015424903525915077
2511-MORQY,0.07844262739035084
4039-PIMHX,0.04550609172921315
8083-YTZES,0.8727085917651376
1346-PJWTK,0.12501653672797564
3750-YHRYO,0.047285547603412706
1236-WFCDV,0.5051960692745361
5949-HGVJL,0.24437796442976495
9112-WSNPU,0.42433037175985366
1360-JYXKQ,0.3449662301936869
3585-ISXZP,0.7194773003063719
8380-PEFPE,0.89631059848518
9402-ROUMJ,0.14819731256856672
4335-UPJSI,0.016978261380677886
6096-EGVTU,0.03224712928470854
8988-ECPJR,0.4979057862881444
7677-SJJJK,0.04679104376670185
5850-BDWCY,0.19153410037590787
2025-JKFWI,0.7060958106514407
8028-PNXHQ,0.018737341335832262
8397-MVTAZ,0.7868684417446157
4445-ZJNMU,0.8419329045726417
3125-RAHBV,0.038422110925077566
6682-QJDGB,0.13860773396252385
8840-DQLGN,0.40093409289788606
6258-NGCNG,0.192684804266595
5917-RYRMG,0.05860965223283043
7157-SMCFK,0.01785843129233196
0816-TSPHQ,0.22030315521738314
6766-HFKLA,0.15558449052794326
7067-KSAZT,0.393300889513886
5155-AZQPB,0.15993449211058644
6890-PFRQX,0.2726049090171198
3508-VLHCZ,0.021447130078998244
3649-JPUGY,0.06420747260925012
9248-OJYKK,0.9417191074743363
7239-HZZCX,0.5126897029378668
9860-LISIZ,0.08284021203658026
6979-ZNSFF,0.8669060207791544
8938-UMKPI,0.718845660993868
1820-DJFPH,0.010628879723269122
0732-OCQOC,0.01840672355389937
6776-TLWOI,0.23305707034303857
4940-KHCWD,0.018931015707373485
9057-SIHCH,0.9183329836840896
9866-QEVEE,0.6770962300923553
5542-TBBWB,0.9240673577094869
4587-VVTOX,0.8696052209269501
6322-HRPFA,0.06429988938013001
6284-AHOOQ,0.5960961237345864
4530-NDRKU,0.05563220542493677
1751-NCDLI,0.8032700287641016
3893-JRNFS,0.3142837708631687
5857-XRECV,0.0621017604550034
3115-CZMZD,0.026934809773311218
4489-SNOJF,0.21214803398137266
1051-GEJLJ,0.5897945056336833
3563-SVYLG,0.012869100050105798
4301-VVZKA,0.8157265173080851
9351-HXDMR,0.11132673582987798
5161-XEUVX,0.08693856200646294
3088-FVYWK,0.011982821814671947
9812-GHVRI,0.39296023879274655
1370-GGAWX,0.3094318022356692
6023-YEBUP,0.9189848366609702
9940-RHLFB,0.8428453485647279
4541-RMRLG,0.21377013562561717
2606-RMDHZ,0.47562391776949914
5575-TPIZQ,0.3916132714375643
9378-FXTIZ,0.15880628841246006
4631-OACRM,0.7302937557619218
8593-WHYHV,0.8929502957749627
1403-GYAFU,0.00940585131665796
7641-TQFHN,0.10275634110297548
4237-CLSMM,0.2539034008442448
4360-PNRQB,0.6629987367772214
5334-AFQJB,0.013715156401677335
9308-ANMVE,0.17610991912605545
3530-VWVGU,0.14114526077061704
4674-HGNUA,0.013346350168181559
3030-YDNRM,0.8184764175468432
3642-BYHDO,0.010754732984535607
0440-UEDAI,0.15241678149969273
9819-FBNSV,0.3620238792905446
9289-LBQVU,0.10943029500424219
4468-YDOVK,0.4340529873455041
2001-EWBQU,0.1701052118907559
9992-UJOEL,0.6544332078159116
8409-WQJUX,0.1612510766054601
3077-RSNTJ,0.19903371907351514
6993-YCOBK,0.23546938193015093
4817-VYYWS,0.7243099115784977
4702-HDRKD,0.07493041627637885
3251-YMVWZ,0.04694978077309901
4190-MFLUW,0.24789388137190782
4678-DVQEO,0.6960619732355082
4701-AHWMW,0.27786053334401495
2987-BJXIK,0.0323377962765055
1730-VFMWO,0.12742930274423067
1936-UAFEH,0.11789103963109945
5140-FOMCQ,0.3311167714307023
8778-LMWTJ,0.6176387695798959
9840-DVNDC,0.7245661660378124
8033-VCZGH,0.47933421795267894
8580-QVLOC,0.017121870078479054
6128-AQBMT,0.6054400081208945
6257-RJOHI,0.4646894456484367
1929-ZCBHE,0.0916852547700886
6242-SGYTS,0.13959415323812435
7010-ZMVBF,0.12083304592424515
3519-ZKXGG,0.8499832557280532
5666-MBJPT,0.019544060648695148
3313-QKNKB,0.24223672004602403
7581-EBBOU,0.08889930452382794
1784-BXEFA,0.21474826448467527
7492-TAFJD,0.042627893758232754
5213-TWWJU,0.21563971176492486
3312-ZWLGF,0.5971377043386273
2923-ARZLG,0.11641440505942416
7032-LMBHI,0.0781686939757586
8292-ITGYJ,0.02048565127109088
9107-UKCKY,0.28912565681458646
6848-HJTXY,0.015209588683344821
4184-VODJZ,0.209393254190118
4846-WHAFZ,0.6689132015646166
8735-SDUFN,0.011389372288501958
0839-JTCUD,0.016580855329031037
6857-VWJDT,0.9134304472266298
7363-QTBIW,0.7554950270602967
6158-HDPXZ,0.7176065961314392
5419-CONWX,0.8242536791881274
9286-DOJGF,0.5526024126713129
2408-PSJVE,0.13346434281299818
2087-QAREY,0.3508968064040139
6777-TGHTM,0.3197993200561378
6507-ZJSUR,0.7475092621443735
5025-GOOKI,0.162727428679394
6080-LNESI,0.017359550005733866
2236-HILPA,0.0116246037563748
1386-ZIKUV,0.16414097248113405
3365-SAIGS,0.706658254073448
6061-GWWAV,0.06314646737278534
9979-RGMZT,0.477736966875362
8445-DNBAE,0.6469507917502777
6872-HXFNF,0.06304138227250249
1320-HTRDR,0.8576000476868573
3923-CSIHK,0.3718742811547098
2446-ZKVAF,0.25247958768527845
4640-UHDOS,0.42290750654952625
5457-COLHT,0.023807256126816754
2254-DLXRI,0.904835038784247
5339-PXDVH,0.69472984217199
2386-LAHRK,0.7537873586171346
5062-CJJKH,0.09214782172957592
8930-XOTDP,0.2439525144460549
4779-ZGICK,0.014593338604595748
9534-NSXEM,0.04464936850236631
3716-BDVDB,0.9237137226699833
9842-EFSYY,0.45180762140331004
9122-UMROB,0.488051399445947
1867-BDVFH,0.7952765755025889
5949-EBSQK,0.32088232944695977
4160-AMJTL,0.2998454531409744
8622-ZLFKO,0.8617705936382838
2990-IAJSV,0.019161544404291648
6064-ZATLR,0.023342770742752515
7409-KIUTL,0.8968721988756234
5505-OVWQW,0.051032183908041234
3948-KXDUF,0.023495945837527454
9814-AOUDH,0.012704827298275925
7398-LXGYX,0.41667525901873725
5266-PFRQK,0.033146266818445506
1568-BEKZM,0.02976025045705372
2692-PFYTJ,0.4345414939844995
2533-QVMSK,0.15875730639345462
5828-AVIPD,0.47704138466293083
2907-ILJBN,0.04916973628190814
5226-NOZFC,0.5372522900619516
7114-AEOZE,0.023147329748966352
2202-CUYXZ,0.9207386465499401
3466-RITXD,0.4457653290221031
7278-CKDNC,0.7919307637691735
1956-YIFGE,0.36122391186416647
0422-UXFAP,0.467486106550708
3733-UOCWF,0.1333755205196348
7191-ADRGF,0.09049515363319172
5709-LVOEQ,0.050499508866966275
6034-YMTOB,0.6393219708477703
6372-RFVNS,0.8937810086021356
9052-DHNKM,0.08972103892317045
5609-IMCGG,0.5409215398965952
2959-MJHIC,0.8325894493891169
1319-YLZJG,0.6332524093672913
7623-TRNQN,0.4766451599352213
0377-JBKKT,0.1578234108672117
1936-CZAKF,0.06810775457491955
5063-IUOKK,0.017866255248681562
8646-JCOMS,0.15834724152879
0979-MOZQI,0.06941282050768402
1525-LNLOJ,0.057295763507112386
5759-RCVCB,0.524614033030034
9968-FFVVH,0.05647921163968766
2266-FUBDZ,0.02405670557275654
4760-THGOT,0.42192802821637376
2307-FYNNL,0.36202584996566944
1143-NMNQJ,0.9035349747358871
1629-DQQVB,0.2434623484538435
3766-EJLFL,0.19014316485308197
8457-XIGKN,0.16237151708327857
4981-FLTMF,0.08081427665306888
7606-BPHHN,0.011051624316485412
7005-CCBKV,0.7629600933028159
4648-YPBTM,0.03803330338197768
2325-ZUSFD,0.07752010588813882
1240-KNSEZ,0.6607711433505615
0430-IHCDJ,0.6652513898443093
7957-RYHQD,0.34094302342098787
6164-HAQTX,0.01565877564166509
0749-IRGQE,0.6908588570264744
1227-UDMZR,0.021988394872264592
5473-KHBPS,0.17897786213275818
5297-MDOIR,0.10897734031040739
8873-TMKGR,0.03441036582394371
6481-ESCNL,0.48763083731644097
0463-WZZKO,0.2289667887977183
1038-RQOST,0.08863554663089128
4937-QPZPO,0.4260092631719641
3604-WLABM,0.3435885526147137
1360-XFJMR,0.3085565257149036
8717-VCTXJ,0.045792750215772025
5196-SGOAK,0.8983896884362809
8739-XNIKG,0.8986410626205231
2320-TZRRH,0.052785171977131895
5186-SAMNZ,0.8598331922142559
5760-FXFVO,0.6229310310238038
5380-WJKOV,0.7459565401173037
4703-MQYKT,0.02707670720240609
2001-MCUUW,0.2583225536529255
4947-DSMXK,0.6502765890843911
0076-LVEPS,0.15282151399041044
5566-SOEZD,0.125338502878183
7408-OFWXJ,0.01192764945834503
1097-FSPVW,0.13212144127373504
4412-YLTKF,0.7042587808234695
0420-TXVSG,0.028941421707312856
7817-BOQPW,0.8753735969472228
0963-ZBDRN,0.4273929411076405
9685-WKZGT,0.8267671416382545
2139-FQHLM,0.36380377332254543
5825-XJOCM,0.0794793185096443
0004-TLHLJ,0.8000930685896569
7529-ZDFXI,0.482192611189299
6848-YLDFR,0.11257406016134391
5820-PTRYM,0.08096865692333396
2984-RGEYA,0.014279854680138782
6434-TTGJP,0.021698449119806295
9643-AVVWI,0.6639131658116848
3506-OVLKD,0.057033199853390455
4946-EDSEW,0.1883010740096641
2924-KHUVI,0.43561733377101686
2263-SFSQZ,0.020872012043240774
5281-BUZGT,0.6260741621308226
3717-FDJFU,0.024107250822150338
2239-CFOUJ,0.09686447005395114
8699-ASUFO,0.7748957612368061
1122-YJBCS,0.0718790712333184
0628-CNQRM,0.0817248773034798
1705-GUHPV,0.014201460642874782
4877-TSOFF,0.059506738623912266
7404-JLKQG,0.6395377337277702
0379-DJQHR,0.0342227155431049
8993-PHFWD,0.7390044637531561
3930-ZGWVE,0.5126897029378668
1965-DDBWU,0.5166169226762164
7572-KPVKK,0.2403103438433675
6854-EXGSF,0.2987339211777044
9483-GCPWE,0.036331804567735645
8053-WWDRO,0.2584339688991821
9473-CBZOP,0.0666735719210939
3985-HOYPM,0.036886525946414894
8378-LKJAF,0.6585597298589801
1310-QRITU,0.6064054642986099
3237-AJGEH,0.5168734233771398
6542-LWGXJ,0.5162517478953224
6953-PBDIN,0.04648167511158574
6332-FBZRI,0.05765933529220173
9365-CSLBQ,0.010030591802429142
3466-WAESX,0.3937004426723589
9700-ISPUP,0.40524727154120166
5167-ZFFMM,0.8568510712368101
7669-LCRSD,0.38167166796629476
0870-VEMYL,0.30474580512577853
2995-UPRYS,0.3453606165157026
3179-GBRWV,0.272826319792575
0701-TJSEF,0.2626195152676851
1848-LBZHY,0.32655110214985905
5380-XPJNZ,0.052147059217238334
6608-QQLVK,0.7940727564686134
1475-VWVDO,0.7859262656009863
3721-CNEYS,0.8235979497651228
4299-OPXEJ,0.019373400846245656
0096-BXERS,0.5528514074011672
3055-VTCGS,0.07285105630083255
9405-GPBBG,0.17637980966033137
6704-UTUKK,0.5415893648588415
9944-AEXBM,0.5780908550291347
2545-EBUPK,0.9138917191748985
6270-OMFIW,0.3594088702070477
1852-XEMDW,0.2229983327933038
8158-WPEZG,0.47593386885871053
5198-EFNBM,0.2391765615643974
7663-RGWBC,0.7037273289682366
3970-XGJDU,0.023093240428074167
6845-RGTYS,0.5969234453062567
0123-CRBRT,0.016652850830183228
6077-BDPXA,0.7989676929953216
2250-IVBWA,0.15484924818791151
6137-NICCO,0.8354662416858856
8129-GMVGI,0.012163110591565602
4353-HYOJD,0.13271426186321023
8671-KKKOS,0.24858553716615828
8080-DDEMJ,0.769642028418817
6698-OXETB,0.017840852051108674
3312-UUMZW,0.6930217063345785
6376-GAHQE,0.7267321428177598
0733-VUNUW,0.28291267002759274
6733-LRIZX,0.28424948155039076
2165-VOEGB,0.2320826592938755
1853-UDXBW,0.8959226446363123
9070-BCKQP,0.07206480569521954
1035-IPQPU,0.6667237803541102
2057-ZBLPD,0.8065764011713711
6967-PEJLL,0.11194171529952568
7879-CGSFV,0.29759736611115556
2257-BOVXD,0.32010882533241847
9822-BIIGN,0.13085411290501991
1136-XGEQU,0.12701863491680287
2439-LYPMQ,0.7722580086371739
6543-XRMYR,0.7405090217853465
5753-QQWPW,0.09208965955033471
4785-QRJHC,0.22858044435897798
0052-YNYOT,0.04051224702479745
7054-LGEQW,0.7075042133076976
0608-JDVEC,0.02002044488213347
6284-KMNUF,0.4314352018838105
6286-SUUWT,0.6328434833888635
3594-KADLU,0.3594763518953683
0536-ACXIP,0.1171617252331975
8869-TORSS,0.06884824479935436
0373-AIVNJ,0.11686315990312869
6429-SHBCB,0.32352454205944947
5751-USDBL,0.01943816636426642
6815-ABQFQ,0.45194814406805955
9450-TRJUU,0.5492204729157873
2805-AUFQN,0.021022271347831016
7855-DIWPO,0.5985145040359051
0174-QRVVY,0.008453758672960957
9507-EXLTT,0.877831122041675
8390-FESFV,0.04543323197292671
0661-KBKPA,0.14974009677826175
6856-RAURS,0.8629852658778661
7322-OCWHC,0.038882156480379994
2203-GHNWN,0.6655758872294001
3413-CSSTH,0.34744246030908965
3006-XIMLN,0.8810980985651011
3750-CKVKH,0.8628914361701283
0576-WNXXC,0.6310205038845303
7056-IMHCC,0.7246435368355484
0866-QLSIR,0.08018578620158769
1628-BIZYP,0.9035978789720261
2230-XTUWL,0.019715605660442254
1980-KXVPM,0.8151357604440898
8619-IJNDK,0.013845486124623779
2960-NKRSO,0.44828465596949857
6705-LXORM,0.7149427945541963
7130-VTEWQ,0.7998548898022348
9364-YKUVW,0.1363326431245171
2761-OCIAX,0.7965561658792639
7996-BPXHY,0.03249212011467667
4248-QPAVC,0.5774439700701975
9357-UJRUN,0.17740898891752052
6340-DACFT,0.011589815930287762
1023-BQXZE,0.036888459023591176
5480-HPRRX,0.6837408796485617
9576-SYUHJ,0.5979319870971588
2169-RRLFW,0.011287149698975905
8338-QIUNR,0.046493950043856175
0463-TXOAK,0.011748617260073943
4396-KLSEH,0.3531664282098033
5186-EJEGL,0.25506261102411865
9334-GWGOW,0.8622612423475746
5696-JVVQY,0.030632065876489936
9633-DENPU,0.2589598974507905
0581-BXBUB,0.61536956692281
2750-BJLSB,0.3799968170484208
2770-NSVDG,0.565987391313658
8280-MQRQN,0.7342347885602345
7851-FLGGQ,0.6330838459209834
9374-YOLBJ,0.33328889356510144
6583-SZVGP,0.30802289145556805
2150-OEGBV,0.043028389952510834
9372-TXXPS,0.01798482087872634
6933-FHBZC,0.12124412901587334
4698-KVLLG,0.019773488603459125
8752-STIVR,0.8303143223758983
8623-ULFNQ,0.3932194562457719
9822-WMWVG,0.5064579976146226
4304-TSPVK,0.1301103471014225
1716-LSAMB,0.01858979320720581
3523-QRQLL,0.22854488659901492
2187-PKZAY,0.5605044073234483
1895-QTKDO,0.5326742552233675
8161-QYMTT,0.899345694470816
2955-PSXOE,0.4391807200832642
6834-NXDCA,0.6529200586964246
8701-DGLVH,0.012809881946261245
2480-SQIOB,0.6106481805619167
4993-JCRGJ,0.3858687915102388
0581-MDMPW,0.6764101718505472
7789-CRUVC,0.20201066154499125
0164-APGRB,0.08679797022013268
8034-RYTVV,0.14701525744766256
3018-TFTSU,0.4175627912846192
9777-IQHWP,0.05072856080001644
6899-PPEEA,0.7815339278677178
6701-YVNQG,0.02965392706025733
7649-PHJVR,0.04230992019563121
9278-VZKCD,0.5058063368556206
7636-PEPNS,0.08460264680873923
1575-KRZZE,0.3543941957856686
8590-OHDIW,0.036097424171160325
7764-BDPEE,0.19238390290593688
9480-BQJEI,0.1616747594887855
3354-OADJP,0.08519966700221723
3181-MIZBN,0.15554021193543255
9327-QSDED,0.31472246089876005
4892-VLANZ,0.6098277022555215
0298-XACET,0.0330850570652064
6917-FIJHC,0.016505661704312568
6557-BZXLQ,0.5205631258826713
2432-TFSMK,0.3113681008958121
4211-MMAZN,0.48690447948699134
4751-ERMAN,0.05637620491991495
8430-TWCBX,0.0369370482600174
1942-OQFRW,0.6937870880630896
4075-JFPGR,0.20604374544297266
3339-EAQNV,0.2075792028352697
5329-KRDTM,0.03782669813735157
0307-BCOPK,0.04381523822392317
6473-ULUHT,0.25004689101708805
1194-SPVSP,0.30238208859545107
7249-WBIYX,0.8773048194942229
2293-IJWPS,0.3585278367461716
4377-VDHYI,0.15914992208305082
0019-EFAEP,0.0463455776463602
2480-EJWYP,0.3437867800782873
8970-ANWXO,0.22527350171947863
8739-WWKDU,0.7140020818243422
2171-UDMFD,0.10855637261389381
7036-TYDEC,0.1796935038088581
3831-YCPUO,0.03295280200220913
0121-SNYRK,0.06190624050112905
3325-FUYCG,0.2091268130996923
1952-DVVSW,0.0743148489976043
3571-DPYUH,0.1378375841233255
2077-MPJQO,0.8457004544805814
2391-SOORI,0.4065838925779891
4086-ATNFV,0.07414410668153355
3396-DKDEL,0.06946606062719102
7471-MQPOS,0.09169221312402537
7181-OQCUT,0.602684723641401
3489-VSFRD,0.055417267757078184
6283-GITPX,0.01313067535734644
2845-HSJCY,0.8156115090090441
7216-KAOID,0.0383683022753898
6680-WKXRZ,0.7284618117043595
2346-LOCWC,0.010150288266031577
0769-MURVM,0.014533053403653438
3374-LXDEV,0.5485621403533761
5318-YKDPV,0.02759423126916315
8190-ZTQFB,0.38264658225803877
4512-ZUIYL,0.65172028670899
3090-QFUVD,0.30620708921172435
4806-KEXQR,0.8035239929646062
2369-FEVNO,0.6656940663968254
9637-CDTKZ,0.06549889936150838
2954-PIBKO,0.02361629272318874
2212-LYASK,0.15078221670924594
9481-SFCQY,0.3430994213255826
2828-SLQPF,0.33996394173576105
4647-MUZON,0.6797877285965863
8212-DJRCH,0.6145763634395102
0516-OOHAR,0.21088416836594487
4973-RLZVI,0.10021287531160213
8089-UZWLX,0.07334067523525986
9732-KPKBW,0.6199954201606265
9715-WZCLW,0.11606797915456873
0257-KXZGU,0.1667392376939745
0707-HOVVN,0.06258878979572467
5501-TVMGM,0.7703899072230046
3422-LYEPQ,0.8863684351752927
2277-VWCNI,0.6715429783740489
5461-QKNTN,0.5912047043979847
3967-KXAPS,0.016821235965798858
6919-ELBGL,0.045742661392115525
8361-LTMKD,0.8426416743589266
1131-ALZWV,0.06374354329964793
5178-LMXOP,0.947322739756971
8992-CEUEN,0.4476179270299089
3320-VEOYC,0.8836033084491451
3672-YITQD,0.7532715688141758
6080-TCMYC,0.6632814346441309
6734-FQAJX,0.2398057050436304
1063-DHQJF,0.05204532785804278
3976-NLDEZ,0.5361154499085895
1729-VLAZJ,0.06451631699767371
3400-ESFUW,0.014878879802758708
5271-YNWVR,0.12444700746369386
1587-FKLZB,0.6491236539859246
0958-YHXGP,0.6128976041817202
1494-EJZDW,0.017626506647574283
1816-FLZDK,0.5784631473895574
2075-PUEPR,0.015981846973066535
1833-TCXKK,0.7342426527257093
1436-ZMJAN,0.42549087713944955
0106-UGRDO,0.15563465511040017
1069-XAIEM,0.9453056645746849
4213-HKBJO,0.018582714419303224
8345-MVDYC,0.03197601935218546
2672-OJQZP,0.6608684646150204
5136-RGMZO,0.3594798821838507
5774-QPLTF,0.04425324873152889
5240-CAOYT,0.20035028929488807
3707-GNWHM,0.9038527992363748
5159-YFPKQ,0.8216817366095737
5052-PNLOS,0.8597446759110252
6173-GOLSU,0.5393807752665635
6661-HBGWL,0.6996939196640999
8207-VVMYB,0.02983376413104242
5324-KTGCG,0.038876038595078544
7354-OIJLX,0.8113251084184503
9286-BHDQG,0.012252008513827689
3567-PQTSO,0.3863815508549656
3197-ARFOY,0.5908731119794733
5698-BQJOH,0.7870476786411866
1090-ESELR,0.03965056456797726
0056-EPFBG,0.030829958125864244
4955-VCWBI,0.04108813330646251
4717-GHADL,0.05177295498800656
0058-EVZWM,0.31615000764851325
7218-HKQFK,0.762961129185843
5057-RKGLH,0.018636265329567726
2309-OSFEU,0.5674638476688875
3429-IFLEM,0.01464577390691632
1550-LOAHA,0.26957006426550595
1400-MMYXY,0.8818432764442689
7503-QQRVF,0.5644328943902005
7504-UWHNB,0.27783880963331964
9565-JSNFM,0.15998890471281776
4735-BJKOU,0.013987338465649287
3580-GICBM,0.013818223492090852
7632-YUTXB,0.04299915968957094
9412-ARGBX,0.08564514635057766
9576-ANLXO,0.7408458306752134
1110-KYLGQ,0.317932656651765
8696-JKZNU,0.6646808140226651
8757-TFHHJ,0.45515396114678164
2955-BJZHG,0.492581700122863
9048-JVYVF,0.550178405544773
0682-USIXD,0.642889185094002
3884-UEBXB,0.021013037777282362
1776-SPBWV,0.05959487017105076
9050-QLROH,0.6173596022732636
2925-VDZHY,0.013294003881741996
9512-UIBFX,0.41151625165008093
8676-TRMJS,0.7286184004812749
3334-CTHOL,0.5410788797857475
6331-LWDTQ,0.48142535793464947
3847-BAERP,0.16139254719543603
4709-LKHYG,0.05575725285595482
8621-MNIHH,0.6386689773777655
8884-ADFVN,0.9188147763751687
2885-HIJDH,0.032510344651098505
8570-KLJYJ,0.057205573851494135
9339-FIIJL,0.03502403623081792
6223-DHJGV,0.04774693315887877
0959-WHOKV,0.28954292237567564
9610-WCESF,0.040686045190076195
9279-CJEOJ,0.760043807158696
2985-FMWYF,0.803719893012049
3540-RZJYU,0.5091869130252411
2522-WLNSF,0.1296430689062051
6861-XWTWQ,0.9254755229927117
8735-NBLWT,0.11431141772437767
1744-JHKYS,0.14870310265545122
0841-NULXI,0.8686723839379129
4016-BJKTZ,0.24802413945107404
9298-WGMRW,0.05001596445028529
7893-IXHRQ,0.5304989617596236
8785-CJSHH,0.6343626064215007
7654-YWJUF,0.16268414334918382
8909-BOLNL,0.10330822966538124
9919-FZDED,0.04941258259655597
0322-CHQRU,0.6626705914593903
3587-PMCOY,0.4409706201723887
0655-RBDUG,0.8753534746864796
0983-TATYJ,0.10064181846420017
5650-YLIBA,0.657683318774261
5144-TVGLP,0.5979451673459326
3569-EDBPQ,0.6270212958597983
4945-RVMTE,0.2528407206646263
3511-BFTJW,0.01838875042181442
5537-UXXVS,0.16742539978777676
8782-NUUOL,0.06976630129207574
2865-TCHJW,0.907248106403339
9931-KGHOA,0.17503865690270182
3071-MVJCD,0.01537378003154794
7279-BUYWN,0.5411759262005349
3756-VNWDH,0.37799239165525034
1395-OFUWC,0.2243582343095329
4223-BKEOR,0.07997295970325545
0040-HALCW,0.01007463373535709
7124-UGSUR,0.3447603206501084
7395-XWZOY,0.2244312908169808
5440-VHLUL,0.44786765678497215
4706-DGAHW,0.7752739934467086
8166-ORCHU,0.1994569004840794
3978-YNKDD,0.014665365290352735
7198-GLXTC,0.816834853749693
6366-XIVKZ,0.2627321561107157
5133-POWUA,0.7632911636234705
8400-WZICQ,0.10796029147876389
5382-SOYZL,0.8268075728087657
1989-PRJHP,0.558919971024468
4154-AQUGT,0.4416873335333712
0980-FEXWF,0.08086760318909414
5845-BZZIB,0.018414432464768347
4840-ORQXB,0.5131595535088636
0295-PPHDO,0.944948803997073
8775-ERLNB,0.8893094011161045
0376-YMCJC,0.7456186818243363
7410-YTJIK,0.5864731294005202
9927-DSWDF,0.5809308499064091
6681-ZSEXG,0.03730124115201427
5702-KVQRD,0.048959539064009745
8711-LOBKY,0.011159878078748547
9692-TUSXH,0.7295564980154157
4012-YCFAI,0.016816229208152962
8455-HIRAQ,0.2994068432180459
7853-WNZSY,0.35321971736766544
0390-DCFDQ,0.895064318273622
6421-SZVEM,0.17638775862684916
3094-JOJAI,0.391895379806143
4873-ILOLJ,0.6823090650650113
8181-YHCMF,0.024076013428049683
3324-OIRTO,0.14838041605671107
9135-HSWOC,0.01441961619758507
2272-WUSPA,0.10461985562182609
4627-MIHJH,0.1787030682200189
3896-RCYYE,0.21942676964855762
6729-GDNGC,0.38875310534025515
9945-PSVIP,0.027002790801230674
4137-JOPHL,0.0749742070743577
2720-FVBQP,0.5193391895220568
7854-EKTJL,0.3890449453266207
1133-KXCGE,0.053478283732921655
6048-QBXKL,0.691009871847225
6338-AVWCY,0.7075669008177774
0013-MHZWF,0.36226060320600345
9804-ICWBG,0.9240673577094869
2368-GAKKQ,0.16415854848113162
4829-AUOAX,0.49594239485142033
7876-BEUTG,0.43930223610207897
6349-JDHQP,0.013969983992270176
3063-QFSZL,0.7557448257762378
9142-XMYJH,0.11357350317777459
2609-IAICY,0.9350911914395135
8626-PTQGE,0.03240586787144588
0230-UBYPQ,0.059739239210287995
6814-ZPWFQ,0.04945439502999035
5921-NGYRH,0.16729362270705025
7803-XOCCZ,0.16451156155676772
1459-QNFQT,0.01982538162842468
3948-FVVRP,0.2213384160079942
0923-PNFUB,0.6552519064814789
4654-ULTTN,0.03557517372405758
5628-FCGYG,0.8311559715974965
0506-LVNGN,0.7770701011607075
4329-YPDDQ,0.5492732299557511
9866-OCCKE,0.06393843155699751
0794-YVSGE,0.00928286248780109
4342-HENTK,0.845433534807097
5934-TSSAU,0.5029944881838839
9986-BONCE,0.24405301604755636
5301-GAUUY,0.5317342840245405
0725-CXOTM,0.12158323127775822
2843-CQMEG,0.27451648642501425
5600-PDUJF,0.34340993825822463
4500-HKANN,0.04085421575252427
1862-QRWPE,0.015322921678254272
2155-AMQRX,0.22265420942400577
0823-HSCDJ,0.5553538593815904
4090-KPJIP,0.8584294030091395
2737-YNGYW,0.7179968548149367
5619-XZZKR,0.07078997008225091
6047-YHPVI,0.7755983812181636
8375-DKEBR,0.9323541726480166
7729-XBTWX,0.014110956581861983
4983-CLMLV,0.453341104982376
9227-LUNBG,0.6656294428364293
2758-RNWXS,0.16749904004270455
7055-HNEOJ,0.5272746718792629
7134-MJPDY,0.30247481022928746
4560-WQAQW,0.04836957558730508
8532-UEFWH,0.012786654464940804
8541-QVFKM,0.7956492225940272
7129-ACFOG,0.5761475927442126
2495-INZWQ,0.822456608020778
0263-FJTQO,0.026009269165046315
0181-RITDD,0.11508854860778214
8241-JUIQO,0.054894623802398144
0913-XWSCN,0.3239156463875702
2159-TURXX,0.19626098056941887
6461-PPAXN,0.06064246468028475
1452-KIOVK,0.6012102662994426
1139-WUOAH,0.03655566623839211
3207-OYBWH,0.3723746331199384
8347-GDTMP,0.014754439459657218
9909-DFRJA,0.21533610953736465
6383-ZTSIW,0.24138286780271845
5438-QMDDL,0.34430050465688555
8914-RBTSB,0.46990795691917125
6164-HXUGH,0.19505612150207816
6900-RBKER,0.10048071493317286
1492-QGCLU,0.152327830701706
6664-FPDAC,0.3931320935000318
1088-AUUZZ,0.02130207699828317
6651-AZVTJ,0.7170617333715376
8219-VYBVI,0.014243239611790607
0310-MVLET,0.5615093460866104
7233-IOQNP,0.1763961822494254
7311-MQJCH,0.09875621643516726
9256-JTBNZ,0.16030945051589707
8713-IGZSO,0.2595822615683396
6821-BUXUX,0.7649423974206144
9114-DPSIA,0.014985193916438398
4501-UYKBC,0.1303615231561886
2798-NYLMZ,0.17187349944515834
6711-VTNRE,0.46806796389972355
5966-EMAZU,0.3551081447968569
3627-FHKBK,0.7161048322587908
7861-UVUFT,0.745009735423477
9824-QCJPK,0.04822974518467955
7816-VGHTO,0.05669695820673964
3794-NFNCH,0.20784146415620758
3877-JRJIP,0.829182258936649
5228-EXCET,0.7110113872281579
6248-BSHKG,0.02977525590768586
8915-NNTRC,0.05379457586299244
3470-OBUET,0.025674814424123713
3229-USWAR,0.15113706665927984
1927-QEWMY,0.009578266324779624
6374-AFWOX,0.016046137227054294
7912-SYRQT,0.7026464502353202
2070-FNEXE,0.4346311018649846
5803-NQJZO,0.022397984725264337
5651-YLPRD,0.46957315646729614
1271-UODNO,0.06059398740278374
5014-WUQMG,0.18287345612750713
5889-JTMUL,0.5879306116042654
0788-DXBFY,0.048229226841578106
2669-QVCRG,0.384838116949275
6630-UJZMY,0.9096530173274388
5061-PBXFW,0.11181489742887078
2700-LUEVA,0.27397130657641244
3865-ZFZIB,0.023975290872093005
0471-ARVMX,0.37231720405030844
8985-OOPOS,0.2197013521447371
0719-SYFRB,0.31204115944998145
0447-BEMNG,0.26410407462861707
5630-AHZIL,0.3502235932080884
2190-BCXEC,0.4342406383127388
1559-DTODC,0.45491978857616866
3244-DCJWY,0.9079847468326449
3967-VQOGC,0.013839878284327572
0265-PSUAE,0.543304201989895
1622-HSHSF,0.48365556402628956
9867-XOBQA,0.0249230580424191
6773-LQTVT,0.35916932714525496
4332-MUOEZ,0.15187607527745378
0023-XUOPT,0.6570148711002946
6543-CPZMK,0.6108138103332881
6418-HNFED,0.028222156141283147
1036-GUDCL,0.10906640484810075
4818-QIUFN,0.7290912641365598
0778-NELLA,0.5473273022271878
7495-OOKFY,0.7743804989851286
4737-HOBAX,0.04993204140091184
7919-ZODZZ,0.16998341704512065
2988-PLAHS,0.37247834968347965
9067-SQTNS,0.03458358001022491
6483-OATDN,0.24266314750828882
5469-CTCWN,0.27472053302393395
3524-WQDSG,0.6612118001042835
6968-URWQU,0.16380361708058938
8601-QACRS,0.6200603936775363
8690-UPCZI,0.06124510646134447
5331-RGMTT,0.6700038197297069
1357-BIJKI,0.4915248824698546
2088-IEBAU,0.04396778871398789
0679-IDSTG,0.9039497628530061
6519-ZHPXP,0.0697617356989417
2101-RANCD,0.457624835458202
4029-HPFVY,0.7580373490959164
1015-OWJKI,0.2622268756469095
8314-HTWVE,0.025272796175525997
5357-TZHPP,0.7872671425130426
8727-XDPUD,0.05819731932828647
9073-ZZIAY,0.022158394887778994
5181-OABFK,0.02163719151120686
3812-LRZIR,0.02456267917133944
5204-HMGYF,0.07246319136210386
9950-MTGYX,0.021965300167532585
3675-EQOZA,0.22107916091273083
3646-ITDGM,0.02879435320908926
3913-FCUUW,0.015217216272833414
